The portfolios are constructed at the end of June. Beta is estimated using monthly returns for the past 60 months,,,,,,,,,,
 (requiring at least 24 months with non-missing returns). Beta is estimated using the Scholes-Williams method.,,,,,,,,,,
,,,,,,,,,,
Missing data are indicated by -99.99 or -999.,,,,,,,,,,
,,,,,,,,,,
The  portfolios  include utilities and include financials.,,,,,,,,,,
,,,,,,,,,,
,,,,,,,,,,
,,,,,,,,,,
,,,,,,,,,,
  Value Weighted Returns -- Monthly,,,,,,,,,,
,Lo 10,2-Dec,3-Dec,4-Dec,5-Dec,6-Dec,7-Dec,8-Dec,9-Dec,Hi 10
196307,1.36,0.75,0.09,-0.29,-0.59,-1.22,-0.42,-1.39,-1.91,-0.82
196308,3.52,3.9,4.3,5.26,5.2,7.34,7.94,4.91,9.04,10.44
196309,-3.1,-2.24,-0.57,-0.96,-1.33,-0.17,-0.81,-1,-1.85,-3.73
196310,1.24,-0.13,1.99,5.16,2.35,1.86,6.81,4.78,3.12,2.98
196311,-0.91,-0.15,1.59,-2.05,-1,-0.84,-1.14,-0.51,-0.21,0.52
196312,3.85,0.65,2.35,1.81,2.95,2.49,0.99,3.45,0.35,1.2
196401,3.73,1.42,2.7,2.84,1.72,3.13,2.6,4.35,2.1,0.95
196402,1.1,1.7,0.62,2.1,2.48,1.56,1.91,3.78,2.57,3.81
196403,1.05,0.77,0.07,1.11,3.07,1.87,2.05,3.9,5.91,6.09
196404,2.65,1.82,1.57,1.39,-0.85,-0.01,-2.29,-2.65,-1.72,-5.01
196405,1.63,1.72,0.26,2.75,2.21,0.71,0.91,3.09,1.36,1.39
196406,1.52,2.2,3.84,0.29,1.12,1.27,2.31,0.01,2.21,1.59
196407,4.08,0.67,4.86,2.24,3.43,0.93,1.22,-0.55,1.27,0.53
196408,1.34,-1.59,0.13,-1.23,-1.92,-0.65,-1.55,-2.62,-1.71,-2.63
196409,2.88,1.17,3.48,3.19,3.58,3.71,3.06,2.85,5.95,5.84
196410,1.17,0.95,0.94,2.33,1.46,1.23,0.52,-2.51,-0.21,1.68
196411,1.31,0.08,-0.26,0.89,1.96,0.95,-0.16,-1.7,-2.77,-2.37
196412,-0.11,1.96,0.58,-0.28,0.09,0.04,-1.05,0.14,-1.02,-0.35
196501,2.88,0.84,4.02,3.27,5.55,3.76,4.79,7.84,6.06,7.79
196502,1.17,-0.79,-0.01,-1.49,-0.43,2.33,2.77,2.93,4.32,5.14
196503,-0.01,-1.81,0.09,-1.03,-2.62,-1.67,-0.85,-0.49,0.25,-0.61
196504,1.29,2.19,4.8,2.67,2.07,5.88,2.22,5.41,5.28,4.84
196505,-0.1,1.14,-2.46,-0.74,2.11,-1.48,-0.48,-0.73,-1.08,-1.35
196506,-5.07,-3.42,-5.44,-2.36,-5.21,-4.93,-6.66,-5.66,-8.92,-10.64
196507,2.1,1.79,1.51,0.47,0.67,0.96,0.88,3.62,4.57,6.75
196508,1.17,1.38,1.65,2.99,3.64,4.58,3.36,4.98,5.55,9.5
196509,4.92,4.17,3.13,1.66,2.84,2.04,2.3,2.05,5.65,5.43
196510,1.76,3.14,2.93,1.32,2.14,3.12,3.98,4.12,5.98,8.06
196511,1.35,-2.32,-0.81,-2.76,2.05,0.74,3.32,1.34,4.68,8.35
196512,0.63,0.54,0.76,1.27,0.66,1.16,3.62,0.45,4.43,5
196601,0.99,-0.07,0.06,-0.57,1.66,0.11,2.03,1.84,6.14,6.45
196602,-3.51,-2.43,-3.04,-1.49,-0.98,-0.71,-0.43,2.73,3.03,8.38
196603,-1.34,-3.23,-3.01,-1.74,-2.61,-3.72,-2.01,-0.01,0.01,-1.26
196604,2.7,0.33,0.3,2.14,1.47,2.05,5.39,4.32,5.41,5.36
196605,-4.84,-4.74,-3.91,-3.43,-5,-4.98,-5.5,-5.07,-9.91,-12.41
196606,-2.08,-2.01,-2.93,-0.6,-1.5,-1.95,1.47,-0.72,0.29,3.58
196607,-0.35,-0.68,-0.25,-1.93,-0.26,-0.05,-2.37,-3.32,-2.34,-1.91
196608,-6.89,-6.62,-8.29,-6.83,-7.05,-8.08,-5.38,-8.7,-8.65,-8.79
196609,1.58,1.61,0.96,-0.6,-1.75,-0.31,-2.75,-1.88,-5.01,-5.42
196610,5.77,8.5,4.43,5.77,5.26,4.16,1.99,2.92,-0.69,-4.54
196611,-1.11,-1.76,-2.05,0.49,1.54,2.19,2.3,9.65,8.51,13.07
196612,-0.17,1.98,0.5,-0.76,2.11,0.88,-0.63,-0.37,1.61,-0.37
196701,3.82,5.76,9.14,6.34,9.59,7.89,10.85,11.06,13.62,14.99
196702,-0.88,0.46,-0.2,0.87,1.22,0.57,1.39,4.9,1.41,3.24
196703,4.54,3.08,3.55,2.64,6.21,4.69,5.73,5.18,5.84,5.43
196704,1.2,1.26,5.74,3.76,4.16,3.79,5.75,6.71,5.29,7.01
196705,-1.84,-4.28,-4.25,-4.69,-3.23,-4.7,-4.55,-4.09,-5.72,-2.52
196706,1.85,2.08,0.42,1.66,3.01,3.01,2.64,4.76,3.99,4.73
196707,0.47,4.48,5.32,6.4,6.17,3.65,7.01,7.51,6.08,9.5
196708,-1.28,-1.07,0.23,-0.67,0.36,-1.4,-0.08,0.61,-0.47,-0.29
196709,1.29,3.46,1.62,3.11,3.67,6.65,2.94,2.66,4.61,3.37
196710,-3.7,-1.49,-4.63,-3.74,-5.23,2.66,-4.96,-2.56,-1.88,-3.41
196711,0.89,1.74,0.76,1.24,-0.79,1.2,2.02,-0.6,-0.91,0.97
196712,2.56,2.14,5.39,1.77,3.19,3.1,6.27,2.17,4.46,6.19
196801,0.3,-1.66,-1.08,-4.34,-3.08,-6.55,-4.71,-8.09,-5.53,-6.29
196802,-1.95,-2.02,-2.74,-3.24,-2.66,-3.37,-3.58,-4.46,-6.68,-6.72
196803,-1.26,-0.43,-0.28,0.89,0.13,3.72,0.77,1.41,2.68,2.33
196804,4.65,5.01,8.3,9.72,10.28,11.29,12,12.81,13.97,15.87
196805,1.04,0.47,2.8,1.77,1.53,4.47,5.46,2.19,7.03,6.21
196806,4.27,2.1,4.2,0.08,0.98,-0.52,0.93,-2.1,0.65,-1.61
196807,3.23,-0.57,-4.18,-3.72,-3.61,-4.43,-4.46,-3.83,-3.83,-4.39
196808,0.94,1.31,2.21,1.34,1.48,1.71,4.17,3.08,1.91,3.9
196809,1.75,4.27,4.9,3.37,5.11,5.63,5.22,5.92,6.35,8.53
196810,2.43,1.6,-0.89,-1.12,2.99,0.29,1.23,1.29,1.06,-1.17
196811,6.88,5.6,3.86,6.56,1.96,6.76,6.71,5.39,8.56,10.94
196812,-4.67,-3.09,-2.7,-4.49,-2.72,-3.31,-3.7,-3.62,-2.87,-2.12
196901,0.92,-0.19,-0.72,-3.08,-0.5,-0.69,-1.69,-2.04,-0.72,-0.56
196902,-4.12,-5.33,-3.27,-3.92,-3.3,-5.61,-5.74,-8.09,-9.26,-12.01
196903,3.12,2.28,2.83,4.73,3.64,3.92,1.52,1.75,3.17,2.71
196904,2.33,0.95,3.45,3.08,1.86,1.63,0.66,-0.4,2.96,2.84
196905,1.63,1.29,-0.06,-1.6,1.77,0.12,-0.07,-1.98,1.04,-2.05
196906,-6.48,-6.48,-5.73,-1.47,-6.24,-6.55,-7.44,-9.32,-10.94,-14.79
196907,-5.65,-6.52,-5.89,-4.6,-5.25,-7.45,-7.34,-9.51,-7.74,-11.63
196908,3.06,3.63,5.32,6.14,5.68,4.66,6.2,5.69,8.82,9.71
196909,-4.6,-3.37,-1.83,-1.63,-0.45,-0.67,-2.58,-2.79,-1.73,-2.2
196910,3.22,5.05,4.24,6.88,6.85,4.14,7.54,9.84,7.19,11.07
196911,-3.61,-3.79,-2.72,-2.68,-1.84,-3.16,-1.79,-5.26,-4.05,-6.38
196912,-2.33,-0.32,-1.06,-0.38,-1.93,-3.56,-3.37,-3.88,-4.82,-5.33
197001,-5.88,-7.34,-7.1,-7.62,-8.25,-8.24,-7.57,-10.7,-10.64,-9.89
197002,6.06,7.13,4.29,6.55,5.03,6.71,4.32,8.95,5.96,4.59
197003,1.66,-0.5,0.75,-1.74,0.22,0.93,-1.72,-2.01,-3.94,-4.96
197004,-8.1,-7.97,-8.81,-9.02,-11.99,-10.75,-11.38,-14.05,-16.54,-22.29
197005,-1.41,-6.47,-5.98,-6.75,-9.86,-7.62,-10.44,-9.26,-9.26,-10.86
197006,-5.08,-2.3,-5.01,-4.22,-7.74,-2.87,-8.87,-8.08,-7.4,-11.64
197007,9.21,6.33,7.93,4.28,10.33,6,9.49,9.95,7.84,6.28
197008,3.83,3.62,5.59,5.51,3.75,6.85,6.88,9.82,8.46,11.41
197009,0.03,3.31,2.47,6.38,3.66,9.07,8.09,9.39,14.43,19.9
197010,0.24,0.43,-1.35,-0.2,-2,-4.22,-5.09,-7.19,-7.32,-11.57
197011,6.58,5.04,5.7,4.43,5.76,4.19,4.09,5.58,1.45,2.42
197012,4.43,6.17,6.67,5.97,8.1,5.82,7.19,8.83,7.61,5.98
197101,3.82,2.14,4.11,3.98,5.71,9.24,10.17,10.95,13.21,12.61
197102,-0.19,1.82,1.45,2.87,2.55,2.09,1.81,2.11,1.98,4.35
197103,2.24,3.56,3.52,5.45,3.21,7.11,3.94,7.56,7.66,7.92
197104,0.94,3.51,5.58,2.3,5.2,4.91,5.71,6.99,6.68,3.26
197105,-4.06,-2.35,-3.72,-5.57,-3.67,-2.2,-4.24,-2.45,-5.69,-4.12
197106,1.33,1.37,-0.1,-0.53,-0.07,1.53,-3.97,0.39,-2.64,-1.57
197107,-1.38,-3.76,-3.46,-5.17,-3.85,-5.48,-6.14,-6.47,-6.33,-11.71
197108,-0.05,2.3,7.22,4.68,5.21,7.91,4.66,6.05,9.09,8.12
197109,-0.47,0.17,-0.47,-0.49,-1.63,-0.47,-0.07,0.01,-0.89,-3.22
197110,-0.91,-3.17,-4.61,-3.44,-7.33,-5.36,-7.27,-5.85,-6.28,-7.77
197111,0.17,1.41,-0.17,0.52,-1.18,-0.62,-0.53,-0.9,-1.24,-2.21
197112,7.23,8.49,8.26,9.69,10.45,10.68,10.12,10.61,11.63,13.36
197201,0.74,0.93,0.03,4.29,3.17,4.23,6.15,6.43,7.71,13.26
197202,1.37,3.11,3.97,2.25,3.98,2.49,3.61,7.1,4.51,3.8
197203,-1.4,1.36,2.57,2.36,1.6,-0.37,-2.13,0.92,0.88,-0.18
197204,0.06,1.3,-0.29,0.44,1.29,1.71,0.74,3.49,0.73,-0.22
197205,2.06,2.44,0.09,2.49,2.66,0.54,0.06,1.98,0.27,0.08
197206,-1.17,0.43,-2.79,-2.09,-2.62,-2.39,-4.22,-3.3,-6.51,-7.86
197207,1.18,0.13,0.5,-0.56,-0.25,-1.36,-1.59,-5.5,-4.48,-5.87
197208,6.07,3.06,3.24,5.06,3.89,4.42,2.5,0.95,-0.38,-0.57
197209,1.04,0.59,-0.75,-1.44,-0.94,-3.67,-2.97,-4.65,-3.14,-4.6
197210,3.5,1.28,-0.97,1.75,0.09,-0.63,0.94,0.14,-2.49,-1.57
197211,4.67,4.89,4.11,5.9,5.36,4.9,7.49,5.7,7.06,4.97
197212,1.42,2.07,1.32,0.18,-0.54,1.04,2.06,-2.74,-1.68,-4.58
197301,-0.25,-2.06,1.65,-4.08,-5.88,-6.34,-6.24,-9.38,-7.65,-10.43
197302,-3.73,-3.6,-1.72,-5.22,-5.37,-5.49,-7.07,-5.11,-9.94,-10.91
197303,1.26,-0.3,-1.05,1.06,-1.83,-3.47,-1.91,-3,-2.68,-2.59
197304,-0.59,-3.54,-5.76,-5.4,-4.79,-9.02,-7.07,-7.96,-9.18,-10.8
197305,0.42,-2.24,-0.93,-1.16,-3.51,-3.78,-5.11,-7.06,-8.88,-12.37
197306,0.95,-0.17,-0.62,-0.61,-3.09,-3.79,-4.49,-1.81,-5.59,-5.33
197307,1.76,2.49,4.31,6.02,11.95,13.49,9.77,12.95,15.93,20.29
197308,-3.84,-2.88,-3.03,-0.51,-1.7,-2.29,-4.03,-5.46,-4.45,-4.76
197309,4.36,4.13,0.92,10.52,9.33,9.98,8.22,11.34,10.59,14.53
197310,1.74,-2.3,1.11,1.16,0.65,-0.35,-3.82,-1.32,-1.75,-2.37
197311,-8.28,-9.51,-10.77,-10.54,-17.71,-17.2,-18.55,-18.98,-23.15,-24.85
197312,3,2.29,-0.87,4.01,-0.49,3.26,-2.03,0.93,1.45,-1.84
197401,-3.73,0.03,1.61,-2.27,2.37,2.82,5.14,3.78,8.22,11.66
197402,0.02,-0.22,-0.32,0.05,1.76,0.73,0.82,0.87,3.65,1.44
197403,-1.71,-1.95,-2.08,-2.93,-3.47,-2.32,-3.51,-1.6,-3.48,-3.27
197404,-4.54,-4.24,-3.64,-4.18,-4.31,-5.52,-4.74,-5.13,-3.8,-5.73
197405,-3.62,-1.83,-2.1,-4.11,-4.22,-6,-8.72,-5.93,-4.8,-6.69
197406,-2.09,-1.02,-0.77,-0.9,-3.61,-1.93,-5.14,-3.28,-4.72,-4.93
197407,-6.19,-7.52,-8.75,-5.61,-5.85,-8.85,-6.62,-9.9,-8.89,-9.29
197408,-7.6,-10.06,-7.81,-10.62,-9.33,-8.4,-6.62,-8.88,-9.48,-6.64
197409,-9.85,-11,-12.05,-11.21,-11.41,-12.74,-12.52,-11.82,-8.32,-13.8
197410,18.52,18.71,13.1,18.74,15.49,20.29,12.83,6.64,8.17,12.79
197411,-3.93,-4.9,-4.14,-2.1,-4.09,-5.41,-3.72,-3.84,-4.9,-3.87
197412,-0.52,-2.85,-2.22,-3.39,-4.77,-5.52,-3.26,-5.82,-6.87,-9
197501,8.23,13.54,15.45,15.2,18.33,18.09,18.15,27.1,31.7,33.58
197502,5.99,4.85,8.24,4.11,4.92,6.86,6.62,5.81,9.02,7.04
197503,-0.45,2.11,3.15,5.62,5.87,6.85,7.59,11.08,8.34,14.11
197504,3.44,6.69,2.52,5.71,6.53,7.5,6.28,6.52,10.35,5.14
197505,7.06,4.86,3.67,5.11,4.83,3.92,7.79,8.6,6.5,7.26
197506,4.2,4.22,5.12,6.41,6.43,5.45,7.24,9.86,6.77,9.23
197507,-4.82,-5.35,-5.44,-7.94,-5.66,-7.48,-7.61,-6.32,-7.61,-7.76
197508,-2.01,-0.56,-2.12,-1.26,-3.37,-2.58,-4.68,-5,-5.65,-5.47
197509,-2.25,-4.92,-3.19,-3.09,-4.06,-5.52,-4.65,-5.28,-4.86,-3.91
197510,3.92,5.3,6.02,8.98,5.46,7.16,5.37,6.54,6.58,5.39
197511,1.59,2.71,3.82,4.36,2.85,2.8,3.26,4.41,6.9,1.76
197512,-0.04,-0.05,-1.52,-1.95,-1.37,-1.26,-1.67,-2.72,-3.27,-1.37
197601,7.82,13.77,10.41,12.73,13.86,17.38,14.56,19.36,16.94,23.72
197602,-1.3,-1.05,-0.57,-0.2,3.12,2.49,2.26,4.09,4.78,8.83
197603,3.48,2.68,4.46,2.76,2.32,0.97,0.75,1.58,1.62,1.33
197604,0.84,0.19,-1.03,-3.44,-0.1,-0.82,-1.66,-2.34,-3.17,-5.25
197605,0.92,-1.17,-1.58,-1.52,-0.69,-2.53,-1.54,-0.42,-2.33,-3.77
197606,4.2,3.86,3.33,4.67,4.54,6.08,4.6,5.62,6.91,5.66
197607,0.83,-0.52,-0.87,-1.09,0.09,-1.49,-0.48,-1.11,-2.62,-3.94
197608,1.57,0.2,-0.36,1.04,-2.05,-0.75,-2.69,-1.8,-2.34,-4.33
197609,4.23,2.69,2.99,0.85,0.73,2.45,3.3,1.2,1.48,2.74
197610,-0.81,-1.74,-2.05,-1.87,-2.29,-2.78,-2.79,-3.22,-4.7,-5.27
197611,1.67,-0.92,-1.76,0.33,1.98,0.73,2.69,3.55,2.91,4.29
197612,5.04,6.43,7.79,3.61,6.79,6.98,6.78,7.07,8.77,9.37
197701,-0.86,-3.33,-5.54,-5.88,-4.4,-4.9,-3.03,-3.88,-4.46,-2.44
197702,-1.13,-2.17,-1.84,-0.81,-0.89,-1.83,-1.98,-2.89,-2.35,-2.85
197703,-1.07,-1.1,-2.13,-1.22,-0.23,-1.2,0.5,0.54,-1.17,-0.01
197704,2.08,0.38,0.1,-2.76,0.58,2.87,1.88,1.05,1.66,-1.14
197705,0,-0.65,-1.77,-3.08,-2.1,-0.52,-0.62,0.42,-0.72,-0.61
197706,3.54,5.15,3.94,5.61,4.87,6.24,5.74,8.07,9.24,8.81
197707,-1.49,-0.68,-0.98,-2.05,-0.67,-1.79,-2.04,-1.12,-1.48,-0.11
197708,-3.01,-2.54,0,-0.1,-0.46,-0.68,-1.96,-0.66,-0.03,-0.07
197709,0.92,0.29,-0.93,0.74,-0.4,-0.45,-0.2,-0.19,0.65,1.02
197710,-3.44,-2.47,-4.07,-5.57,-4.02,-3.87,-3.13,-5.22,-4.11,-4.64
197711,2.56,3.84,3.77,3.52,6.11,4.87,7.78,7.66,9.62,9.85
197712,1.47,0.35,0.86,-0.73,0.53,0.75,0.89,0.31,1.58,1.38
197801,-5.28,-5.33,-4.71,-6.33,-5.68,-6.52,-6.76,-5.76,-5.76,-3.99
197802,0,-1.17,-2.98,-0.91,-1.17,-1.62,-0.55,0.4,0.7,1.99
197803,2.23,3.84,-0.13,3.42,4.8,5.12,5.25,5.21,9.28,9.08
197804,4.84,5.67,10.3,9.8,10.68,10.78,10.05,10.51,11.35,10.99
197805,0.86,1.59,0.74,2.39,2.51,2.61,4.4,4.3,6.4,8.09
197806,-1.91,-0.75,-1.55,-0.66,-0.82,-1.06,-0.72,-1.41,-0.52,-0.43
197807,2.66,3.95,5.08,6.96,6.09,6.95,6.95,8.06,8.14,10.63
197808,3.86,2.78,2.88,3.58,3.93,5.42,5.03,4.6,6.71,9.89
197809,2.44,0.8,-0.62,-1.55,-2.18,-2.34,-3,-1.73,-2.38,-3.31
197810,-7.6,-8.4,-10.53,-8.91,-11.54,-11.6,-13.44,-17.69,-17.67,-23.39
197811,3.72,2.73,1.04,3.27,3.16,3.5,2.73,5.69,5.01,8.12
197812,0.97,1.19,0.03,3.87,2.56,1.36,1.83,1.14,0.48,3.41
197901,4.17,4.65,5.5,4.28,6.18,5.18,4.28,6.16,7.11,6.19
197902,-0.94,-1.73,-2.54,-2.43,-3.91,-4.18,-3.41,-5.4,-5.41,-6.81
197903,4.77,4.31,6.31,6.16,6.73,6.65,8.86,9.69,8.77,11.51
197904,0.7,1.33,0.83,-0.3,0.26,0.24,0.81,1.79,2.58,1.26
197905,-1.05,-1.03,-0.82,-1.62,-2.08,-1.39,-0.63,-2.4,-1.89,-3.21
197906,5.17,5.19,4.46,2.35,5.96,3.72,5.5,6.62,4.27,5.44
197907,1.06,2.2,2.01,0.19,1.16,1.92,1.31,2.65,3.32,3
197908,3.94,5.85,6.96,5.06,7.15,6.93,7.63,8.49,9.2,8.72
197909,-0.69,2.68,1.36,-0.9,0.19,-0.13,-2.08,-0.8,-2.44,0.14
197910,-3.83,-5.48,-8.55,-8.36,-7.35,-8.86,-7.75,-8.61,-10.47,-10.34
197911,6.36,5.41,4.87,6.94,6.02,7.29,4.1,7.15,5.71,11.62
197912,0,1.54,2.72,1.77,3.4,3.28,4.66,4.45,6.77,7.59
198001,5.39,7.81,8.89,4.15,5.68,4.44,6.22,7.15,4.23,9.98
198002,2.02,6.96,0.52,-4.51,-3.08,-4.32,-4.09,-2.99,-0.83,-1.95
198003,-9.14,-12.94,-12.67,-10.22,-11.57,-8.99,-9.15,-12.82,-15.74,-18.73
198004,7.58,6.55,5.32,2.48,4.21,3.99,3.26,3.79,6.01,5.55
198005,4.58,4.97,5.76,6.52,6.77,7.97,5.62,7.88,7.86,8.1
198006,3.49,3.03,5.34,3.95,3.08,2.33,3.39,3.92,2.82,3.88
198007,0.7,5.97,5.62,7.66,9.59,9.5,9.88,12.29,12.42,14.94
198008,0.46,1.63,1.87,1.1,1.68,2.3,5.11,5.66,6.65,7.16
198009,-1.76,2.52,3.46,3.44,4.32,4.15,3.42,3.61,6.16,5.71
198010,-1.65,2.82,2.62,1.14,2.36,0.9,3.08,3.73,2.73,3.26
198011,-0.16,10.68,13.2,13.19,11.79,11.69,11.51,11.42,11.11,12.33
198012,3.26,-2.77,-3.73,-4.53,-3.6,-4.88,-5.15,-1.67,-3.52,-4.45
198101,2.26,-3.48,-5.7,-4.21,-4.74,-3.95,-4.44,-7.45,-6.61,-6.35
198102,1.22,2.19,2.34,1.59,1.77,2.83,3.21,1.5,-0.94,-0.79
198103,3.27,1.99,2.44,3.67,6.9,6.13,6.59,7.97,10.1,13.17
198104,2.95,-1.3,-3.39,-3.43,-0.41,-0.84,-0.55,-0.12,1.82,2.4
198105,3.99,-0.74,-0.2,-0.38,2.15,1.4,0.79,2.4,4.38,6.2
198106,0.81,0.6,0.28,0.55,-1.91,-1.63,-1.47,-3.67,-4.04,-6.98
198107,0.4,-2.85,-3.93,-2.47,-0.98,3.23,3.76,1.52,1.32,-0.01
198108,-0.67,-4.8,-4.14,-6.31,-5.4,-6.17,-6.88,-7.79,-8.12,-9.24
198109,0.19,-1.6,-3.84,-5.22,-5.99,-9.41,-8.68,-10.07,-9.27,-10.41
198110,5.24,4.15,2.34,5.79,4.07,7,7.36,9.06,8.49,14.56
198111,4.13,4.61,4.93,5.03,5.75,4.05,6.46,4.8,1.06,0.48
198112,-2.4,-1.96,0.23,-2.17,-2.92,-3.45,-5.08,-3.17,-4.4,-3.91
198201,1.62,0.65,1.56,-1.41,-3,-5.47,-7.58,-6.38,-3.98,-4.3
198202,-1.28,-1.92,-2.5,-3.44,-4.57,-4.38,-10.06,-8.59,-7.93,-9.95
198203,2.9,1.54,-0.17,0.62,-1.3,-1.47,-2.54,-5.43,-2.91,-5.37
198204,2.27,4.48,4.43,4.59,3.88,4.27,4.86,5.8,6.23,6.92
198205,-1.08,-3.18,-3.41,-3,-3.18,-0.59,-1.58,-3.51,-5.61,-6.17
198206,-1.53,0.99,-0.89,-1.62,-2.19,-4.92,-3.03,-4.34,-1.56,-5.17
198207,0.07,-1.75,1.65,-1.1,-2.35,-3.34,-6.18,-3.3,-6.93,-3.89
198208,11.44,11.3,11.11,12.12,12.25,13.76,11.5,12.92,11.09,13.53
198209,0.91,1.81,3.28,3.69,2,1.02,2.19,2.04,1.03,-0.53
198210,7.33,11.75,11.76,14.27,11.42,11.73,9.58,14.71,15.7,19.36
198211,3.48,5.49,6.81,5.22,4.82,6.72,2.19,5.44,4,10.3
198212,1.21,-0.44,2.75,0.17,2.1,0.28,3.33,1.13,2.27,-0.08
198301,5.26,0.18,3.08,2.06,2.31,5.16,4.69,5.55,6.57,11.01
198302,1.38,3.24,3.43,5.43,3.43,3.57,4.33,5.41,1.25,2.11
198303,2.07,3.92,3.21,5.02,6.36,1.98,4.6,3.05,3.75,1.75
198304,4.51,8.42,10.13,8.61,8.47,5.03,6.36,6.98,7.15,7.37
198305,-1.93,-2.76,-2.33,1.3,1.75,3.04,2.31,5.53,5.43,7.84
198306,-1.23,4.5,5.56,3.05,3.1,5.46,4.85,5.47,6.02,3.56
198307,-1.63,-2.87,-1.68,-1.31,-2.88,-4.24,-3.88,-4.56,-4.89,-7.87
198308,2.14,-0.42,0.91,0.05,0.35,2.37,0.89,-0.72,-1.41,-3.04
198309,4.04,2.7,2.21,3.52,1.8,-0.41,-0.07,1.45,0.68,-2.86
198310,1.08,0.63,-0.06,-1.93,-4.35,-4.07,-4.97,-4.65,-7.31,-10.02
198311,1.31,1.32,0.79,3.46,3.15,4.43,5.17,5.49,4.52,6.36
198312,-2.98,-2.58,0.68,-0.5,0.22,0.18,-1.25,1.59,-1.66,-1.81
198401,1.04,-1.06,-2.31,-1.58,0.08,2.46,-3.24,1.93,-3.81,-6.41
198402,-3.41,-3.36,-3.68,-3.48,-3.5,-3.01,-6.01,-5.83,-3.35,-6.31
198403,-1.55,0.32,2.38,3.29,1.25,2.11,3.29,2.09,0.83,0.17
198404,0.33,0.62,1.38,0.68,1.09,1.49,-0.22,-0.24,-1.73,-1.73
198405,-1.76,-5.04,-4.87,-5.65,-6.96,-4.55,-5.8,-7.05,-5.85,-8.92
198406,5.2,5.68,0.96,5.53,0.43,1.72,2.56,2.16,1.01,2.35
198407,1.49,-1.61,-0.22,-1.73,-2.33,-3.39,-3.46,-4.37,-5.25,-7.91
198408,6.36,8.85,10.99,12.44,12.11,12.35,12.53,12.79,15.23,17.35
198409,3.27,0.28,1.19,0,-0.34,-1.05,-2.04,-1.56,-2.28,-3.16
198410,2.77,2.26,1,-1.19,-0.67,0.15,-1.81,-2.77,-0.13,-3.11
198411,1.54,0.52,-1.53,-0.69,-0.18,-3.21,-1.76,-0.8,-3.18,-4.02
198412,1.95,2.93,3.36,2.23,1.29,2.72,2.64,1.11,1.98,2.7
198501,2.57,5.83,8.77,9.19,7.89,10.93,9.52,10.42,12.15,16.75
198502,2.85,2.99,0.75,2.11,2.85,2.2,1.35,1.29,1.42,-0.72
198503,4.67,2.09,-1.72,0.41,-1.81,-0.72,-1.55,-0.59,-1.51,-3.9
198504,-0.57,-0.19,0.11,2.23,1.19,-1.25,-0.35,-1.2,-2.22,-4.41
198505,6.83,6.86,6.75,6.46,4.39,4.9,5.1,3.95,5.04,3.69
198506,3.76,1.94,0.23,3.97,1.1,-0.04,2.08,0.65,1.08,1.34
198507,-4.46,-1.43,1.02,1.27,-0.61,-0.09,0.49,2.07,3.36,1.46
198508,1.35,0.58,-0.92,-0.75,-1.08,-0.77,-0.07,-1.56,-1.24,-2.84
198509,-2.75,-1.58,-2.79,-3.37,-4,-3.2,-4.59,-6.87,-6.52,-7.67
198510,5.16,5.16,4.88,4.77,6.08,3.78,4.62,3.42,1.84,4.86
198511,7.23,7.3,7.49,7.34,5.19,7.21,5.89,6.89,8.33,8.32
198512,4.83,4.61,6.14,3.78,2.86,5.02,2.69,3.2,4.36,4.81
198601,0.21,2.9,0.26,1.86,0.42,2.92,0.1,0.65,-0.16,2.05
198602,8.8,7.3,6.5,8.06,9.68,9.08,7.5,6.68,7.75,7.55
198603,5.45,7.16,6.1,5.14,5.29,5.14,4.29,5.88,5.04,3.15
198604,-0.8,0.25,-0.61,-0.12,-1.97,-1.15,-1.42,-2.49,-0.16,-1.56
198605,4.48,6.33,4.69,4.98,5.92,5.95,5.22,4.99,5.46,3.14
198606,4.76,5.3,1.75,0.43,-0.01,-0.7,-0.91,-1.75,0.29,-1.98
198607,0.19,-2.85,-5.6,-7.17,-6.41,-6.99,-9.38,-7.11,-9.58,-9.61
198608,4.99,7.92,7.58,7.28,6.95,6.98,5.11,5.68,6.84,4.81
198609,-9.68,-7.78,-6.87,-8.09,-8.09,-8.51,-8.74,-8.04,-7.42,-9.91
198610,7.16,4.65,2.49,5.49,6.31,5.76,5.8,5.61,5.77,6.27
198611,1.18,1.67,1.95,2.76,0.4,1.7,2.24,1.1,1.77,-0.18
198612,-3.08,-1.56,-2.62,-2.1,-3.35,-2.6,-3.64,-2.48,-4.38,-3.09
198701,9.65,12.36,10.7,15.14,12.91,13.85,13.01,15.3,13.68,17.18
198702,-0.63,1.8,4.63,3.9,7.53,5.39,7.82,7.34,7.3,11.41
198703,0.87,2.95,4.06,1.98,1.24,2.25,0.66,1.49,2.1,-1
198704,-3.46,-2.29,-0.7,-0.42,-1.14,0.2,-1.16,-4.15,-2.82,-2.8
198705,0.87,1.12,1.22,-1.01,1.08,0.66,1.56,-0.28,1.34,-0.41
198706,4.76,6.12,4.51,5.58,4.46,4.48,4.8,4.18,3.58,-0.66
198707,2.49,3.09,4.71,6.72,3.73,4.97,5.2,5.8,5.21,2.81
198708,3.26,3.96,2.8,5.78,5.09,3.37,2.06,3.03,6.09,4.8
198709,-2.54,-0.74,-0.6,0.06,-3.88,-2.46,-3.1,-1.37,-4.32,-5.21
198710,-12.13,-15.11,-20.29,-24.02,-24.47,-24.64,-27.27,-26.14,-29.72,-33.14
198711,-6.55,-8.51,-6.65,-6.79,-7.06,-7.47,-6.89,-6.67,-10.46,-9.42
198712,3.25,4.48,5.88,7.06,8.15,8.74,10.66,10.63,9.66,11.22
198801,9.65,5.41,4.23,4.02,1.53,3.94,4.22,2.83,4.08,4.1
198802,1.56,2.52,3.87,5.75,5.55,6.98,7.91,7.4,8.07,8.47
198803,-1.23,-2.47,-2.15,-1.72,-4.04,-3.16,-0.66,-0.06,-2.53,-1.46
198804,2.25,0.8,0.74,0.05,1.06,0.61,2.86,-0.98,0.23,3.02
198805,1.49,1.64,0.77,-0.71,0.58,-0.16,0.16,-0.52,-0.55,-1.33
198806,0,2.98,4.64,5.88,7.7,5.57,8.33,5.85,8.29,8.38
198807,0.55,0.5,-0.25,-1.48,-2.2,0.09,-0.44,-1.45,-2.26,-2.71
198808,-1.02,-1,-2.13,-3.82,-3.12,-2.5,-3.69,-3.72,-4.52,-5.37
198809,1.84,3.1,3.69,4.3,4.71,5.05,5.23,4.23,4.03,2.94
198810,1.87,3.19,2.05,2.96,1.74,0.86,3.5,-0.39,-1.3,-0.07
198811,-0.07,-1.37,-1.2,-2.11,-1.01,-1.83,-1.32,-3.55,-4.06,-4.5
198812,1.67,1.16,1.91,2.16,2.12,2.11,1.78,3.47,2.87,4.33
198901,2.71,5.86,6.61,6.39,8.59,6.72,8.13,7.03,8.01,6.24
198902,-1.2,-2.33,-1.35,-2.31,-2.27,-1.48,-1.77,-1.91,-0.22,-1.35
198903,1.64,3.19,3.04,0.27,0.91,4.07,2.32,2.73,2.37,1.22
198904,3.9,5.03,5.74,4.92,5.18,5.24,4.57,5.46,4.15,5.2
198905,4.46,3.89,3.81,2.64,4.07,4.28,3.7,5.66,7.17,5.82
198906,1.74,0.77,-0.26,0.03,-1.09,-1.55,-1.95,-1.29,-2.28,-3.91
198907,5.37,6.33,9.15,7.04,8.62,9.74,8.92,8.93,9.13,6.27
198908,-0.58,0.91,2.71,1.83,3.1,1.88,2.29,3.32,2.71,4.69
198909,0.22,0.96,1.11,-1.5,0.28,-1.48,-1.37,-0.8,0.3,0.89
198910,1.55,-0.97,-1.48,-3.95,-3.63,-3.76,-6.11,-3.58,-5.19,-6.26
198911,2.98,2.93,2.33,0.22,1.59,1.69,1.24,0.48,1.71,-0.17
198912,4.07,4.89,3.1,0.2,1.08,1.79,0.22,-2.05,-0.05,-0.46
199001,-4.86,-6.89,-8.78,-6.4,-7.61,-6.94,-6.93,-6.45,-7.61,-9.61
199002,0.87,0.2,1.08,2.6,2.04,1.03,2.58,2.26,3.62,4.67
199003,-0.7,1.57,2.93,3.19,1.01,3.15,4.9,2.19,3.35,6.24
199004,-4.41,-2.78,-2.82,-1.17,-3.27,-1.18,-4.06,-3.07,-1.49,-4.77
199005,4.64,8.01,8.76,9.73,9.95,7.92,10.25,10.06,14.28,12.55
199006,0.23,-1.4,-2.09,0.12,-0.95,0.83,-0.03,-0.01,1.56,-0.54
199007,2.02,1.98,0.02,-1.85,-1.41,-1.59,-1.62,-5.39,-3.11,-6.43
199008,-6.49,-5.6,-9.49,-8.58,-8.94,-10.43,-11,-13.16,-12.88,-15.65
199009,-0.39,-1.38,-4.2,-3.28,-7.29,-9.5,-6.1,-9.79,-7.18,-14.34
199010,5.24,-0.03,-0.45,-0.07,-1.73,-2.99,-1.42,-4.57,-4.27,-5.15
199011,2.15,4.17,5.19,6.88,8.22,8.52,7.65,10.82,11.33,13.63
199012,1.56,1.4,2.68,2.55,3.82,4.3,4.59,4.74,3.91,5.32
199101,-1.02,-0.49,1.4,5.36,6.3,7.38,10.38,10.43,9.37,13.69
199102,5.33,6.4,6.74,6.87,9.02,7.02,9.58,8.16,9.21,11.51
199103,2.31,2.51,3.36,0.49,4.06,2.57,2.67,5.42,5.14,6.6
199104,0.71,0.47,1.35,-0.86,-0.38,1.82,-0.27,-0.9,1.34,0.2
199105,-0.18,0.12,1.7,5.88,5.08,6.21,6.59,5.18,7.07,5.02
199106,-1.55,-2.61,-2.13,-4.07,-5.82,-4.19,-7.28,-6.53,-5.52,-7.08
199107,4.77,2.9,5.53,4.38,4.28,3.19,6.6,5.57,6.24,6.35
199108,2.51,1.3,2.31,2.77,3.71,2.76,2.79,2.92,5.26,5.15
199109,3.45,0.11,-0.61,-3.87,-1.14,-2.78,-2.61,-1.92,-0.94,-1
199110,1.55,2.61,2.14,1.16,2.89,0.58,0.72,0.63,0.3,1.65
199111,0.26,-3.33,-2.84,-3.63,-4.93,-5.62,-3.25,-6.02,-6.22,-3.96
199112,5.6,8.29,9.76,12.31,13.64,15.43,11.55,15.04,12.84,12.98
199201,-3.55,-3.52,-3.02,-0.7,-0.45,1.15,2.24,2.33,7.34,9.9
199202,-1.37,-0.86,0.39,0.73,1.21,3.86,4.74,4.78,4.27,1.35
199203,-1.2,-1.75,-1.89,-1.26,-2.87,-2.22,-2.72,-0.64,-5.07,-5.55
199204,3.61,4.69,2.14,3.26,2.05,1.32,-0.57,-0.94,-2.55,-6.56
199205,1.84,0.47,1.8,-0.38,0.05,1.26,1.73,-0.56,-0.46,-1.79
199206,0.33,0.06,-2.68,-2.41,-2.3,-1.56,-2.28,-3.77,-2.2,-6.21
199207,6.17,4.18,4.39,3.93,4.1,2.57,4.14,4.83,2.69,4.39
199208,-0.21,-0.34,-1.45,-3.45,-2.26,-1.19,-4.69,-4.56,-4.59,-4.4
199209,0.67,0.62,-0.28,0.47,2.34,3.16,2.86,3.87,2.46,0.59
199210,-0.5,-1.82,1,2.01,-0.41,1.38,2.09,4.42,5.8,6.28
199211,-1.26,1.46,1.95,3.65,5.54,6.11,6.47,6.78,10.21,10.75
199212,3.15,0.04,1.9,1.22,0.65,1.99,3.07,3.1,3.53,2.72
199301,2.96,0.34,-0.67,-0.6,-0.01,1.21,2.43,4.66,5.14,2.76
199302,5.12,4.29,0.79,-0.3,-1.51,0.32,-0.72,-0.37,-2.31,-4.48
199303,2.28,2.13,1.41,1.98,2.93,2.6,2.55,3.88,3.73,4.27
199304,-0.57,-1.68,-2.31,-0.29,-4.5,-4.88,-2.07,-3.64,-5.09,-4.04
199305,0.58,0.97,2.66,1.8,2.62,4.63,4.92,4.95,4.86,8.06
199306,1.98,1.73,0.43,-1.01,-0.32,-0.71,0.2,0.72,1.93,1.13
199307,0.74,0.85,-0.62,-1.2,-1.77,1.57,-1.73,0.23,-0.49,0.88
199308,3.52,4.71,3.05,3.26,3.83,2.03,5.35,3.8,5.4,4.83
199309,-0.58,-0.08,-1.47,-0.72,-1.92,0.05,1.55,0.1,3.41,3.46
199310,-1,0.68,1.83,3.53,3.25,2.64,2.4,0.79,-1.62,1.2
199311,-3.5,-3.59,-1.97,1.46,1.19,-0.72,-2.47,-0.82,-1.18,-2.94
199312,2.2,0.25,1.51,2.37,0.11,2.78,2.67,3.36,2.64,2.4
199401,0.74,2.01,1.79,3.52,4.28,3.04,4.11,3.26,5.03,5.61
199402,-4.27,-3.97,-2.45,-3.01,-0.67,-1.79,-2.55,-0.68,-1.4,-0.75
199403,-2.97,-2.73,-3.68,-4.9,-4.76,-5.26,-4.88,-6.73,-4.1,-4.99
199404,2.43,2.08,2.07,1.52,0.81,0.7,-2.22,-0.83,0.69,1.09
199405,-0.9,-0.02,2.82,2.34,-1.04,2.11,1.94,1.56,0.85,1.42
199406,-2.41,-0.91,-1.7,-3.78,-1.11,-3.12,-3.13,-3.44,-4.16,-4.16
199407,3.02,2.71,3.31,3.09,4.04,2.55,3.74,2.11,4.12,2.11
199408,1.2,1.53,5.29,6.37,4.03,3.49,3.84,5.88,7.6,8.09
199409,-1.17,-1.42,-1.18,-1.05,-2.67,-3.78,-2.8,-2,-3.7,-2.72
199410,2.7,2.43,1.96,1.18,1.38,1.8,1.14,0.61,2.93,1.35
199411,-4.18,-3,-2.26,-2.62,-4.34,-4.53,-2.53,-4.31,-5.01,-4.57
199412,0.69,1.01,2.08,1.78,1.05,2.19,1.46,-0.4,0.2,0.59
199501,2.82,3.68,1.86,2.02,2.74,1.67,3.23,1.15,2.35,1.44
199502,2.75,2.19,3.29,3.94,3.41,4.4,6.11,5.31,6.62,5.62
199503,2.71,1.67,2.79,4,3.14,2.01,1.95,3.72,1.94,2.16
199504,4.08,3.29,2.7,2.67,1.67,1.69,3.07,1.37,3.71,1
199505,2.68,2.89,3.45,4.75,2.89,3.41,3.72,4.25,4.57,3.8
199506,0.13,0.39,3.23,2.48,3.64,2.41,5.03,4.81,6.12,7.38
199507,3.95,1.51,3.24,2.3,3.95,3.67,5.34,6.39,4.97,9.08
199508,0.79,0.6,0.71,0.46,-0.79,1.54,1.99,1.07,0.64,4.37
199509,2.62,5.94,4.52,5.38,4.25,1.96,3.64,3.28,2.13,3.29
199510,1.17,0.57,-0.41,0.35,-3.27,0.53,-3.87,-4.39,0.7,-4.84
199511,2.44,4.21,5.23,5.9,7.15,3,5.45,3.36,1.28,3.65
199512,5.46,3.16,2.22,2.34,2.18,-0.07,0.95,0.25,-2.78,-1.78
199601,2.26,2.39,2.98,3.51,2.16,4.12,4.34,1.51,1.27,3.19
199602,-0.7,-1.05,2.09,1,1.3,2.81,1.41,4.83,5.26,4.03
199603,-0.83,0.81,1.96,0.31,3.1,1.69,1.59,2.38,0.72,-0.72
199604,1.38,0.91,0.52,0.19,1.28,3.48,2.22,3.47,6.23,5.71
199605,0.77,1.25,3.15,3.39,4.1,1.89,2.4,2.32,4.36,3.1
199606,1.5,1.96,0.95,0.87,1.57,-2.11,-2.48,-2.38,-3.98,-3.63
199607,-3.95,-3.57,-6.41,-4.21,-4.67,-4.69,-4.35,-7.03,-5.43,-8.42
199608,3.84,1.2,2.17,3.41,3.69,2.68,1.7,4.66,4.2,5.08
199609,2.87,3.51,3.6,4.61,5.36,5.48,5.52,6.37,7.36,10.28
199610,2.88,2.94,2.13,0.91,3.12,2.49,1.39,-0.67,1.95,1.09
199611,6.95,5,5.37,5.32,6.61,7.11,8.21,10.27,7.99,8.25
199612,-0.78,-0.04,0.46,-1.54,-3,-1.64,0.3,-1.95,-2.88,-0.94
199701,2.53,3.92,3.88,5.56,4.48,6.22,7.22,5.39,6.94,10.41
199702,-1.53,0.57,0.47,1.55,2.43,1.15,0.74,0.96,0.44,-6.63
199703,-3.09,-0.4,-3.85,-5.08,-3.41,-3.83,-5.86,-5.02,-7.87,-6.9
199704,3.21,2.76,3.25,6.8,5.61,5.65,7.4,3.82,7.06,2.55
199705,6.76,5.84,6.32,5.98,7.29,5.24,6.95,7.29,7.44,10.38
199706,4.13,4,4.38,4.06,6.28,4.83,3.79,3.83,5.2,1.75
199707,5.95,9.02,4.15,8.42,6.82,8,6.06,9.33,11.89,8.65
199708,-0.63,-2.4,-6.99,-3.55,-5.53,-4.79,-3.02,-4.71,-3.9,-0.72
199709,4.14,5.28,5.13,5.05,4.18,6.83,5.36,6.52,6.14,8.71
199710,-4.82,-2.48,-2.05,-3.09,-3.18,-3.31,-0.17,-4.91,-6.19,-4.42
199711,1.95,2.28,4.75,4.86,5.55,5.57,3.51,3.88,2.9,-0.87
199712,1.56,1.41,3.98,0.76,1.8,2.62,2,2.18,2.04,-0.88
199801,-0.6,-1.53,-0.57,1.77,-0.02,0.6,1.55,3.49,-2.1,0.9
199802,7.91,6.1,6.41,7.65,7.07,6.07,6.19,7.96,10.67,7.57
199803,6.9,6.19,5.22,4.06,5.38,6.92,7.96,1.99,3.02,3.75
199804,0.27,1.87,-0.75,2.27,0.16,-0.21,1.43,0.18,2.75,3.75
199805,-2.01,-0.23,0.3,-3.18,-0.78,-2.98,-2.87,-1.71,-4.13,-5
199806,2.73,3.15,2.9,5.68,1.84,3.85,1.38,4.11,3.4,5.54
199807,-1.28,-4.59,-2.58,-1.38,-2.95,-1.51,-1.76,-0.21,-0.57,-2.39
199808,-11.98,-11.41,-10.03,-11.88,-13.31,-15.82,-17.67,-19.92,-22.2,-23.56
199809,7.3,3.11,6.89,7.08,5.69,6.56,8.93,7.39,4.89,7.4
199810,6.7,5.88,7.47,5.62,7.21,8.45,7.28,9.18,9.8,11.61
199811,3.14,4.38,5.88,7.73,4.24,7.49,3.12,9.73,7.73,9.59
199812,4.81,3.2,4.7,4.31,6.54,5.11,5.48,6.11,11.5,15.87
199901,-0.52,-4.46,0.43,6.74,0.29,1.23,0.47,7.91,13.3,11.12
199902,-1.09,-1.13,-2.45,-5.46,-2.76,-2.09,-1.19,-5.45,-6.82,-7.85
199903,1.55,0.91,-0.8,6.82,3.72,0.83,3.85,2.32,5.51,10.67
199904,3.14,5.81,7.63,3.73,3.88,1.76,1.86,4.71,3.08,5.64
199905,-2.94,-0.71,0.09,-2.08,-1.43,-0.34,-1.78,-4.34,-2.91,-0.44
199906,3.99,0.6,1.86,6.66,4.74,5.13,3.97,7.72,10.69,7.38
199907,-2.31,-2.01,-1.09,-2.71,-2.05,-2.15,-1,-7.21,-2.63,-5.34
199908,2.14,-1.51,-3.84,2.12,-4.26,0.73,-3,-1.89,-1.77,-1.09
199909,-4.94,-4.52,0.16,-2.03,-1.18,-5.21,-5.89,-2.45,-3.55,1.34
199910,3.89,5.4,2.61,7.47,-0.52,8.39,7.76,8.23,5.4,10.55
199911,-2.54,1.65,1.14,-2.32,0.82,3.5,3.37,7.08,9.16,8.23
199912,-3.19,-6.17,-1.47,11.66,5.65,4.93,12.7,12.23,14.72,12.98
200001,-3.91,1.73,-0.44,-9.99,-2.13,-3.14,-8.63,-4.32,-3.57,-7
200002,-6.7,-10.12,-8.11,-5.23,-2.68,-2.96,-2.5,7.73,18.17,16.84
200003,9.38,8.03,9.89,10.37,10.67,12.98,7.43,10.86,0.36,2.37
200004,4.65,3.66,1.66,-9.26,-1.35,-2.57,-3.14,-6.34,-2.92,-7.25
200005,4.77,6.86,1.58,-1.01,-4.31,-1.57,-2.81,-7.31,-8.94,-7.46
200006,0.43,-0.48,-0.34,4.27,2.7,1.56,-1.43,1.88,10.19,7.48
200007,-4.45,-3.49,-1.55,-0.8,-0.02,-1.45,2,-2.07,-3.09,-2.52
200008,9.31,1.58,4.89,6.46,8.17,4.54,8.61,7.57,8.16,11.04
200009,5.6,5.22,5.98,3.77,-11.3,-3.54,-3.17,-6.35,-12.23,-13.11
200010,0.26,6.71,0.92,5.72,2.26,0.14,-3.2,0.04,-6.04,-9.59
200011,1.08,3.04,-0.09,-6.98,-7.23,-6.66,-13.48,-10.12,-16.53,-20.87
200012,4.15,4.34,5.19,4.85,-1.56,-3.52,3.05,6.25,-2.89,1.19
200101,-7.92,-6.64,-3.4,-0.05,1.44,13.35,3.52,5.24,7.19,17.1
200102,2.68,-1.02,-0.81,-2.45,-5.67,-9.01,-10.67,-8.86,-20.53,-21.26
200103,-2.9,-3.8,-4.31,-5.77,-7.27,-5.61,-4.75,-3.45,-12.83,-12.26
200104,5.71,3.63,2.93,6.99,10.12,11.85,6.82,7.81,7.13,13.91
200105,2.51,1.93,1.49,1.53,-0.23,1,0.88,0.37,2.39,0.27
200106,-3.23,-5.57,-3.22,-1.4,0.27,0.05,-1.27,-2.25,1.36,-1.09
200107,-2.48,2.57,1.02,2.25,3.26,2.67,-4.05,-0.67,-3.81,-7.74
200108,1.2,-2.75,-2.48,-2.91,-5.57,-4.51,-5.01,-5.83,-10.4,-13.55
200109,-3.85,-1.18,-3.16,-3.37,-1.91,-5.36,-8.19,-17.14,-15.64,-18.48
200110,0.79,-0.01,-1.57,0.66,-5.34,0.83,-0.18,9,6.29,12.27
200111,0.48,2.88,2.72,5.9,3.76,5.65,7.35,15.96,13.05,14.48
200112,3.41,0.08,2.65,-1.71,3.02,2.92,2.05,2.2,3.03,-0.52
200201,-0.48,-0.3,-1.05,2.49,0.69,-0.08,-2.54,-0.74,-1.57,-2.81
200202,2.17,1.97,2.16,1.1,2.54,1.77,0.95,-6.32,-5.3,-12.37
200203,5.28,3.18,3.37,2.96,1.5,2.81,1.92,6.86,5.9,8.13
200204,1.71,-0.89,-4.2,-2.44,-5.68,-1.86,-5.27,-6.28,-5.94,-13.38
200205,-1.78,-1.45,0.11,-0.72,2.58,-1.18,0.04,-2.13,-1.27,-4.29
200206,-7.93,-7.56,-4.56,-1.72,-5.27,-4.9,-4.83,-13.78,-5.98,-12.56
200207,-4.32,-4.96,-7.39,-8.81,-7.62,-7.32,-2.12,-8.92,-11.81,-12.42
200208,3.24,1.08,0.94,-2.28,0.85,2.32,-2.24,1.56,1.05,-1.11
200209,-7.11,-7.02,-9.87,-9.92,-6.57,-10.21,-12.14,-11.68,-11.61,-15.6
200210,3.7,3.09,4.84,10.77,4.56,6.52,3.39,8.79,14.85,18
200211,2.12,0.12,1.27,4.87,0.74,3.21,6.13,9.18,9.64,21.48
200212,0,-1.08,-1.64,-4.22,-1.95,-4.36,-5.49,-7.94,-11.76,-13.93
200301,-3.02,-2.46,-0.23,-3.54,-4.33,-3.29,-3.36,-2.09,-4.69,-0.06
200302,-3.09,-2.18,-1.58,-4.24,-2.65,-2.6,0.16,-2.88,0.29,-0.6
200303,1.1,1.86,1.64,1.3,1.44,2,2.51,0.43,0.28,-0.65
200304,3.62,5.73,4.06,9.02,6.55,8.16,11.86,9.57,11.24,13.01
200305,5.03,5.61,4.22,4.9,6.8,2.08,2.98,7.72,6.88,13.66
200306,2.97,-1.09,2.63,0.23,2,0.97,1.2,1.08,2.03,1.56
200307,-2.94,-0.85,-0.09,2.04,2.28,4.27,5.54,3.17,5.86,6.56
200308,0.18,-1.04,3.79,2.08,1.14,0.72,3.4,3.52,3.69,7.35
200309,1.84,0.19,-1.27,-1.9,-2.5,-0.93,-2.63,-0.95,-1.37,-2.65
200310,2.26,5.49,3.91,6.63,4.89,4.07,7.65,5.42,9.31,11.72
200311,1.26,3.23,3.03,2.4,-0.61,-0.62,-0.23,0.64,0.79,3.45
200312,5.63,4.69,5.6,4.98,3.26,7.7,2.18,5.61,3.04,1.68
200401,1.78,0.7,1.2,0.49,1.68,4.12,0.62,1.71,1.63,5.68
200402,2.12,2.38,3.52,1.88,3.42,0.79,2.66,-0.59,1.62,-2.1
200403,-0.87,-2.31,-0.49,-0.09,-0.19,-2.4,0.37,-2.26,-0.83,-1.9
200404,1.03,0.76,-0.04,-0.42,-0.67,-1.63,-2.17,-1.56,-4.48,-7.85
200405,-0.68,0.69,1.28,1.4,-0.4,1.11,1.43,0.94,1.62,5.26
200406,2.97,0.46,1.97,1.57,0.39,2.71,2.66,4.42,0.15,2.81
200407,-2.41,-3.37,-2.55,-1.65,-0.67,-0.47,-3.19,-4,-8.1,-12.45
200408,2.61,1.98,0.95,0.71,1.59,-0.21,0.45,-0.22,-3.4,-5.01
200409,-2.16,0.34,0.46,5.51,0.7,3.53,1.25,2.58,3.08,4.08
200410,0.61,0.13,0.65,0.22,-0.93,1.86,1.58,2.06,4.76,5.22
200411,4.01,4.45,2.62,5.27,4.9,4.9,5.26,4.6,6.91,5.49
200412,3.9,2.48,2.92,2.14,3.45,3.49,4.52,2.92,4.9,4.87
200501,-2.07,-2.02,-0.47,-0.31,-2.41,-1.46,-2.1,-2.57,-5,-7.92
200502,1.67,3.12,4.65,5.98,2.18,1.02,0.39,-0.57,2.3,-0.87
200503,-0.33,0.3,-2.92,-1.62,-3.54,-0.13,-2.76,-1.2,-2.61,-2.16
200504,-0.12,-0.18,-1.42,-3,-2.07,-2.6,-4.33,-0.74,-5.12,-5.43
200505,1.7,2.27,1.46,3.8,3.39,2.87,4.96,3.77,8.14,9.43
200506,0.21,1,0.82,1.83,1.56,-0.38,0.27,0.86,0.14,-0.06
200507,1.11,3.15,2.55,5.89,5.16,4.08,6.12,5.51,6.52,6.99
200508,-2.18,-1.24,1.15,-0.29,-1.27,-0.2,-1.32,-1.21,-1.92,-0.89
200509,-0.14,-0.16,1.96,1.51,2.02,-0.92,0.37,2.14,-0.2,1.99
200510,-2.43,0.05,-3.42,-0.98,-1.86,-0.23,-1.24,-0.5,-3.84,-2.48
200511,1.51,2.35,2.81,3.37,4.06,5.22,5.05,5.65,6.53,5.82
200512,1.7,0.47,-0.19,0.55,-0.41,-1.85,-0.19,1.24,-1.95,0.51
200601,2.76,1.77,3.32,2.47,2.52,2.1,5.42,4.42,3.42,7.79
200602,0.09,0.08,-1.1,0.96,1.16,-0.79,-0.05,1.07,0.42,0.35
200603,0.11,1.04,1.26,1.31,2.71,1.88,3.94,2.87,0.61,4.07
200604,0.49,1.33,2.31,0.76,0.93,-0.86,1.77,3.11,0.59,0.03
200605,-1.2,-1.09,-2.15,-1.83,-2.55,-3.72,-3.99,-4.69,-4.99,-7.91
200606,0.48,0.22,0.82,1.51,0.01,-0.35,-0.36,-0.7,-0.4,-2.26
200607,2.63,3.03,-0.91,0.91,1.45,-3.48,-1.21,-1.52,-4.64,-7.74
200608,3.38,1.1,-0.6,2.41,3.16,1.56,0.47,2.95,5.33,6.69
200609,1.76,2.01,1.11,3.2,0.29,1.53,4.19,4.6,2.25,2.3
200610,2.24,3.18,3.15,3.79,2.24,5.41,3.54,5.21,4.06,3.19
200611,-0.4,2.58,2.79,2.06,0.72,3.09,2.22,4.52,2.38,3.19
200612,1.26,0.94,0.49,1.78,3.93,0.59,1.69,1.47,0.15,-0.84
200701,1.75,-0.13,0.62,0.9,1.8,3.09,2.39,2.46,4.27,3.25
200702,-1.78,-2.17,-1.16,-2.39,-0.73,-1.35,-0.82,-1.49,-0.94,-0.11
200703,0.1,1.18,1.8,1.97,1.83,1.77,0.22,0.11,1.1,0.4
200704,3.51,4.55,3.95,3.8,3.25,4.8,4.29,5.06,6.16,2.79
200705,1.75,3.4,3.82,3.73,3.19,3.47,4.66,4.72,4.96,4.8
200706,-2.63,-1.68,-1.29,-1.02,-2.73,-2.1,-1.94,-1.98,-0.13,-0.32
200707,-2.96,-3.2,-2.19,-3.96,-3.24,-4.95,-2.85,-3.52,-1.69,-4.75
200708,2.78,1.97,1.43,1.81,1.43,0.34,1.61,2.05,-0.85,-1.1
200709,2.72,3.26,4.98,2.98,4.48,2.36,2.47,4.15,5.06,4.36
200710,1.95,1.31,0.43,3.25,1.35,2.61,2.74,1.78,2.38,3.94
200711,0.53,-5.16,-3.13,-6.01,-4.79,-6.1,-4.44,-5.44,-8.15,-8.11
200712,-2.29,-1.34,1.46,-0.84,-0.82,1.71,-1.64,0.48,-0.97,-0.71
200801,-3.43,-3.81,-4.71,-7.33,-4.86,-6.2,-10.55,-6.79,-8.98,-9.04
200802,-3.76,-2.01,-1.16,-3.87,-2.59,-5.13,-5.82,-2.15,-1.8,0.03
200803,-0.68,0.67,-2.01,-0.25,-0.21,1.34,0.51,-1.41,-2.75,-3.58
200804,2.88,-0.35,5.8,5.44,3.15,5.57,8.17,6.77,7.62,9.13
200805,0.92,0.6,0.54,1.74,2.41,2.5,2.83,2.79,5.75,5.99
200806,-8.19,-8.42,-5.62,-8.01,-7.83,-10.16,-11.41,-8.22,-10.13,-7.09
200807,0.68,-1.44,-2.98,2.48,-0.82,2.16,-0.09,-1.62,-1.95,-2.67
200808,2.06,0.88,3.11,0.13,2.12,1.28,2.7,0.14,2.01,1.59
200809,-4.29,-4.38,-5,-6.45,-8.88,-19.58,-11.61,-13.59,-18.42,-19.66
200810,-12.97,-12.84,-15.28,-16.72,-16.79,-19.9,-25.86,-22.56,-21.58,-25.27
200811,-3.74,-2.49,-5.74,-11.81,-8.8,-10.61,-13.18,-10.82,-15.52,-14.74
200812,0.56,-0.19,-0.37,3.13,2.15,7.33,1.92,4.97,3.98,4.18
200901,-6.25,-10.02,-10.24,-6.49,-8.78,-7.9,-9.74,-6.06,-2.66,-3.17
200902,-7.58,-11.98,-11.74,-9.38,-9.85,-11.12,-11.45,-8.83,-5.11,-8.31
200903,4.28,7.17,8.76,7.5,10.94,12.63,12.84,14.67,10.83,12.44
200904,2.54,5.5,9.29,12.32,11.11,11.04,17.99,13.17,20.87,19.55
200905,5.69,5.76,2.57,5.73,4.14,3.54,3.75,6.12,5.98,5.67
200906,0.16,-0.49,-0.27,-1.15,2.49,1.42,0.79,0.32,1.82,2.29
200907,5.07,4.4,8.01,7.52,7.83,8.76,11.13,14.8,14.21,19.22
200908,0.16,2.13,2.48,3.6,3.01,5.53,3.13,5.78,13.07,14.52
200909,1.82,2.57,2.17,3.88,5.14,6.54,8.28,7.15,4.42,11.12
200910,-1.24,-0.38,-2.93,-1.31,-0.32,-3.89,-3.05,-6.02,-8.62,-10.32
200911,6.47,5.19,4.54,5.44,6.11,5.38,5.21,5.16,8.92,5.94
200912,-0.4,1.74,3.96,3.36,3.77,2,5.46,6.76,3.12,6.76
201001,-2.25,-2.24,-2.17,-4.56,-4.14,-3.84,-5.85,-3.34,-4.32,-2.48
201002,1.83,1.09,3.48,4.81,3.05,2.58,5.86,5.21,7.13,7.72
201003,3.73,4.5,4.86,5.34,7.71,8.91,8.89,7.14,9.94,12.84
201004,0.02,1.23,0.85,1.72,3.1,1.58,4.43,5.07,5.11,7.37
201005,-5.97,-6.77,-5.98,-9.27,-8.4,-8.95,-7.79,-9.85,-10.58,-11.41
201006,-3,-2.97,-3,-7.24,-6.91,-7.71,-7.59,-8.59,-9.12,-13.02
201007,4.89,5.55,5.96,6.57,8.05,8.47,11.02,6.31,11.87,11.5
201008,-0.89,-0.96,-3.24,-8.17,-6.16,-7.29,-4.37,-8.76,-9.34,-8.96
201009,5.79,7.14,10.5,9.36,12.28,11.6,13.43,10.44,11.02,16.37
201010,2.93,2.6,3.07,3.88,6.04,5.29,5.5,0.32,5.81,7.45
201011,-0.52,-0.87,-0.17,0.05,0.75,1.12,3.91,1.71,4.16,5.33
201012,4.37,4.79,6.49,6.46,7.34,8.57,7.74,11.96,9.61,8.53
201101,1.25,0.58,1.08,2.92,2.41,4.1,2.88,3.05,1.82,2.42
201102,2.48,4.19,3.75,1.56,4.32,4.6,5.17,4.38,3.08,4.87
201103,1.41,1.4,0.65,-1.03,0.47,-0.08,1.91,-0.5,0.27,-0.35
201104,4.18,3.42,4.87,3.77,1.23,0.37,2.69,1.33,3.65,3.81
201105,0.17,0.93,-0.3,-2.33,-1.75,-2.72,-2.08,-2.53,-3.92,-4.23
201106,-1.81,-1.06,-1.74,-1.39,-1.93,-2.23,-0.82,-3.7,-1.55,-2.36
201107,-2.34,-2.52,-2.3,-2.07,-3.13,1.16,-2.36,-5.63,-4.75,-2.14
201108,-1.1,-1.37,-5.53,-6.25,-7.47,-6.69,-10.24,-12.36,-13.79,-13.71
201109,-2.56,-3.94,-5.22,-7.21,-9.92,-9.36,-12.66,-14.82,-16.13,-16.59
201110,6.11,6.49,10.5,12.51,14.42,12.68,17.09,17.11,21.29,19.33
201111,1.76,0.87,1.45,-1.06,-0.16,-0.93,-1.65,-3.95,-3.51,-3.66
201112,3.44,2.53,-1.24,-0.34,-0.94,1.65,0.6,-1.81,-1.74,-1.51
201201,0.13,0.88,5.01,8.17,5.33,7.16,7.48,9.76,12.01,12.28
201202,1.45,2.44,4.24,4.7,5.07,7.97,4.85,7.03,4.74,9.04
201203,2.1,3.04,3.63,3.61,1.85,5.18,1.26,3.39,3.75,2.84
201204,0.86,0.46,-0.17,-1.44,-0.9,-2,-0.84,-4.21,-2.87,-0.16
201205,-1.17,-3.14,-5.89,-8.88,-7.7,-6.12,-8.76,-9.75,-12.98,-12.9
201206,4.66,5.42,3.55,3.82,4.08,2.14,4.21,4.07,0.81,3.21
201207,2.63,1.28,0.88,-1.7,2.56,0.21,1.13,-1.03,-1.62,-4.26
201208,-0.71,0.78,1.95,4.04,5.81,2.6,4.54,5.45,5.04,9.42
201209,3.1,3.14,1.51,0.6,3.34,3.91,1.97,2.91,4.05,2.75
201210,-1.22,-1.77,-1.24,-2.55,-4.06,-2.99,-1.05,0.6,1.93,1.86
201211,-0.07,0.3,1.82,0.85,0.37,1.11,2.43,0.9,0.13,0.26
201212,-1.22,-0.45,1.06,2.08,-0.42,3.09,3.14,4.91,7.61,6.01
201301,5.4,6.62,5.64,5.89,1.6,6.97,7.7,4.46,5.95,10.03
201302,2.87,1.36,1.08,0.9,1.12,1.24,-0.37,-0.44,-0.42,-0.19
201303,4.86,4.88,3.53,3.77,2.41,3.32,2.85,5.11,4.02,5.45
201304,2.66,1.89,1.17,1.94,1.66,0.46,-0.77,0.77,1.41,2.23
201305,-0.86,-0.3,2.03,5.41,4.52,5.81,3.93,6.68,6.94,5.33
201306,-0.29,-1.17,-0.82,-0.44,-2.78,-1.27,-1.79,-2.04,-3.2,-2.42
201307,4.24,5.45,4.83,6.35,6.14,5.89,4.33,6.4,8.72,6.27
201308,-4.33,-3.92,-3.29,-0.25,-3.33,-2.56,-0.72,-1.67,-2.7,-2.07
201309,1.56,2.3,4.94,3.24,4.61,4.3,5.97,5.07,3.61,8.1
201310,5.68,2.59,4.22,5.73,3.82,3.91,2.32,4.39,2.69,4.59
201311,2.32,2.9,3.78,4.19,3.19,2.81,2,3.24,4.64,2.56
201312,0.94,1.41,3.74,2.48,2.67,3.53,3.89,2.98,1.94,5.77
201401,-2.69,-3.55,-4.44,-2.38,-3.92,-3.86,-3.28,-5.09,-2.71,-3.97
201402,3.15,5.13,4.03,5.06,4.41,4.6,6.05,5.32,4.53,8.12
201403,0.72,2.28,0.64,-0.62,1.22,1.28,-0.35,1.19,0.1,-1.46
201404,2.43,1.84,-1.39,0.12,-2.41,-0.14,-0.06,-0.45,-2.5,-0.9
201405,0.58,0.49,2.96,4.19,2.74,2.21,2.47,1.85,1.2,0.82
201406,0.98,2.04,1.55,2.16,3.07,3.03,3.81,5.92,3.45,3.28
201407,-2.34,0.01,-1.66,-0.35,-2.87,-3.43,-2.11,-3.38,-3.05,-4.81
201408,5.06,4.36,4.05,3.5,3.79,4.08,4.11,4.16,3.82,7.23
201409,0.44,-0.43,-3.06,-0.82,-1.63,-4.36,-2.74,-5.52,-5.6,-6.46
201410,3.74,3.63,3.62,2.33,3.02,1.22,0.31,0.67,0.06,-0.27
201411,3.99,2.23,3.49,4.07,2.87,1.78,-1.27,0.61,-2.12,0.99
201412,-0.75,-0.5,-0.89,0.38,-0.08,1.95,1.5,0.55,-1.01,0.69
201501,-0.45,-0.17,-1.39,-3.38,-5.63,-3.87,-7.76,-6.58,-5.54,-8.08
201502,2.28,4.87,6.43,6.48,8.36,7.83,7.96,8.41,8.29,10.31
201503,-0.8,-1.15,-1.53,-1.9,-1.52,-0.91,-0.62,-1.33,-1.26,-1.9
201504,-1.34,-0.03,1.08,1.08,1.52,0.21,2.89,2.11,2.31,-0.6
201505,1.1,2.59,0.85,2.02,1.65,0.55,1.19,0.66,-0.72,0.46
201506,-1.96,-0.48,-2.46,-2.51,-0.62,-1.74,0.51,-0.99,-1.55,-3.3
201507,5.85,1.74,3.58,1.33,0.59,0.8,-1.04,-1.12,-0.79,-5.08
201508,-5.39,-5.93,-5.08,-5.51,-5.99,-7.49,-5.85,-6.97,-7.44,-6.4
201509,-0.91,-1.8,-1.37,-1.69,-2.84,-4.16,-5.53,-6.3,-7.3,-10.08
201510,6.83,6.79,7.75,9.76,7.92,7.18,9.55,8.08,8.43,4.83
201511,0.45,-0.65,0.56,0.7,0.88,-0.22,0.88,2.99,2.64,-0.65
201512,1.5,-1.69,-1.13,-1.47,-4.23,-3.33,-4.18,-5.12,-6.92,-5.76
201601,-0.78,-4.48,-5.8,-4.25,-6.03,-6.83,-9.7,-11,-12.87,-12.44
201602,-0.58,0.8,1.32,-0.64,-0.3,1.28,1.19,-1.41,-1.81,-2.57
201603,5.53,6.25,6.38,7.3,7.44,6.85,7.2,9.09,10.59,9.68
201604,0.84,-2.28,-0.28,-0.13,1.79,1.9,3.68,4.46,3.96,5.6
201605,2.06,1.4,1.62,1.76,2.25,1.53,1.78,2.03,1.18,-0.01
201606,3.87,0.89,0.43,0.02,-0.97,-1.3,-3.12,-4.09,-5.15,-1.34
201607,1.39,1.9,5.79,5.11,1.93,5.81,5.31,5.8,5.98,7.8
201608,-3.44,-0.54,0.94,0.18,1.67,0.33,1.02,3.32,6.57,5.38
201609,-0.47,-0.01,0.62,0.37,-2.28,0.46,0.7,1.32,1.53,3.44
201610,-1.3,-1.9,-2.88,-1.66,-0.98,-2.85,-1.58,-1,0.37,-9.64
201611,-1.44,1.91,2.83,5.36,7.98,6.85,7.9,12.73,16.57,16.2
201612,3.56,2.3,1.09,1.34,2.17,-0.26,1.28,3.12,2.7,-1.34
201701,1.27,1.03,2.79,1.67,2.74,4.01,2.41,1.37,0.9,3.48
201702,3.29,5.52,3,3.98,2.88,2.94,1.97,2.94,3.96,2.11
201703,0.07,0.55,0.84,0.67,-0.83,0.54,0.09,-1.39,-1.19,-0.71
201704,1.1,0.38,2.78,1.58,1.26,1.16,0.69,0.42,-0.64,-2.24
201705,2.19,2.54,2.11,1.45,-1,0.95,0.29,-2.52,-1.45,-3.11
201706,-2.17,-0.37,0.01,0.52,2.72,2.8,2.52,4.76,4.39,3.95
201707,1.99,2.91,1.02,1.77,3.54,1.88,1.03,0.59,2.49,3.64
201708,0.23,-0.52,0.42,2.08,1.35,-1.46,-0.42,-0.7,-1.77,0.94
201709,-0.57,0.77,2.12,1.09,4.28,2.81,4.83,7.31,7.51,6.91
201710,2.85,0.8,2.61,3.67,2.59,1.26,0.9,3.38,2.52,-0.82
201711,3.08,5.04,4.07,2.18,3.53,2.78,2.21,3.16,3.53,4.08
201712,-1.07,1.45,1.07,0.56,2.14,2.01,0.98,2.01,1.78,2.37
201801,1.07,4.39,4.6,6.44,6.01,8.71,5.53,7.12,5.59,7.45
201802,-4.1,-4.74,-4.64,-2.53,-2.37,-4.14,-4.62,-1.32,-2.28,-6.54
201803,-1.26,-0.75,-1.65,-3.28,-1.71,-3.21,-1.22,-3.73,-2.45,-0.97
201804,1.81,-1.09,1.15,-0.21,-1.18,2.62,2.4,-0.07,0.21,1.67
201805,2.97,0.5,2.07,4.83,3.88,1.63,2.72,0.75,2.87,7.26
201806,2.11,1.94,0.92,0.41,-0.65,2.02,0.03,-2.03,-2.67,-0.58
201807,2.02,2.32,1.83,5.05,4.03,3.23,3.95,4.25,3.86,2.59
201808,3.12,1.81,3.04,3.43,2.98,7.85,2.02,4.94,2.1,6.1
201809,0.21,0.85,0.41,1.06,1.57,-0.18,0.12,-0.82,-2.65,-1.9
201810,-0.32,-2.32,-4.94,-7.42,-10.65,-6.82,-7.11,-12.18,-10.02,-16.86
201811,1.99,1.42,2.14,4.41,1.89,-4.91,3.84,3.14,2.53,-1.69
201812,-6.38,-7.8,-9.41,-8.12,-8.71,-9.51,-10.79,-11.5,-12.64,-14.23
201901,4.52,6.75,9.04,6.87,8.86,6.54,9.99,11.77,12.33,17.34
201902,4.07,2.85,2.91,3.76,4.44,4.32,5.78,1.31,2.87,7.02
201903,3.08,2.36,1.62,2.52,0.83,2.6,-1.89,0.77,-2.77,-0.17
201904,1.19,2.56,2.71,4.28,3.43,7.08,3.85,6.87,7.34,1.19
201905,-2.55,-4.44,-4.25,-5.46,-8.13,-9.22,-7.78,-8.6,-11.11,-9.21
201906,4.45,6.4,6.34,6.12,8.43,9.3,8.31,7.78,7.66,10.13
201907,2,1.25,-0.34,3.38,1.62,1.13,0.7,2.34,0.09,1.53
201908,2.05,0.8,-2.19,-2.68,-2.1,-2.31,-4.55,-3.99,-7.31,-6.38
201909,1.48,1.19,1.06,2.02,1.53,0.32,5.14,2.87,3.95,-1.66
201910,1.22,1.11,2.21,1.54,1.73,1.89,2.7,4.74,4.37,3.79
201911,0.43,1.87,3.59,2.94,4.7,4.36,5.47,5.78,6.65,8.53
201912,3.16,2.25,3.02,2.25,2.4,2.19,2.35,4.86,4.18,5.41
202001,1.48,-1.5,-0.09,-0.62,1.34,0.25,-3.11,3.47,-4.39,-0.53
202002,-8.12,-7.58,-7.43,-8.7,-6.76,-8.58,-9.14,-9.25,-10.17,-2.96
202003,-8.81,-9.5,-12.1,-14.48,-10.77,-14.95,-22.75,-9.18,-22.42,-17.82
202004,8.34,8.99,13.15,13.03,14.29,13.57,12.84,19.72,15.86,20.18
202005,2.85,3.07,4.22,5.56,4.11,7.93,7.32,4.97,7.39,12.45
202006,-2.26,-1.16,-0.92,-0.34,4.59,1.16,2.59,10.56,4.22,7.41
202007,5.53,4.84,6.97,3.09,4.28,11.42,5.25,3.09,4.05,8.97
202008,1.94,4.73,7.65,6.55,9.4,17.16,10.2,5.1,5.5,7.86
202009,-1.34,-1.12,-5.27,-4.37,-3.04,-7.42,-2.89,-4.21,-3.69,-0.23
202010,-2.41,-3.33,-2.79,-0.07,-3.01,-3.39,-1.87,0,3.63,2.3
202011,5.57,8.91,7.97,12.43,16.46,17.06,16.51,20.07,21.75,26.31
202012,1.44,2.7,3.6,3.51,5.05,10.2,5.05,9.15,5.73,7.82
202101,0.12,-2.08,-0.54,-1.21,-3.16,1.61,0.02,2.19,0.85,5.57
202102,-3.98,1.01,1.06,7.2,8.31,-1.31,9.81,11.58,10.69,6.57
202103,7.02,6.64,3.36,3.7,3.03,1.25,1.31,4.23,0.73,-4.24
202104,1.6,4.24,6.45,6.36,6.24,5.38,5.7,4.31,4.37,4.33
202105,1.9,1.61,-1.44,1.48,0.43,-2.01,2.4,2.7,1.63,-3.18
202106,0.56,-0.28,4.35,2.29,0.01,4.92,4.35,-0.3,1.99,8.42
202107,2.74,1.28,3.26,3.51,0.08,-0.39,3.1,-2.64,-1.8,-9.19
202108,2.15,1.97,3.11,4.22,0.92,0.56,4.73,2.5,3.87,5.39
202109,-4.58,-4.37,-5.11,-6.87,-2.58,-2.57,-5.35,0.75,-0.45,-3.71
,,,,,,,,,,
,,,,,,,,,,
Copyright 2021 Kenneth R. French,,,,,,,,,,
